{
    "name": "root",
    "metadata": {
        "timer_format_version": "0.1.0",
        "start_time_seconds": "1747315167",
        "python_version": "3.9.13 (tags/v3.9.13:6de2ca5, May 17 2022, 16:36:42) [MSC v.1929 64 bit (AMD64)]",
        "command_line_arguments": "D:\\data\\again\\GameBot\\GameBot\\12356\\mlagents_new_env\\Scripts\\mlagents-learn config/robot_config.yaml --run-id=packaging_fix_test_04",
        "mlagents_version": "0.30.0",
        "mlagents_envs_version": "0.30.0",
        "communication_protocol_version": "1.5.0",
        "pytorch_version": "2.7.0+cu126",
        "numpy_version": "1.21.2",
        "end_time_seconds": "1747315408"
    },
    "total": 240.6700236,
    "count": 1,
    "self": 0.0078049000000248725,
    "children": {
        "run_training.setup": {
            "total": 0.10599580000000008,
            "count": 1,
            "self": 0.10599580000000008
        },
        "TrainerController.start_learning": {
            "total": 240.5562229,
            "count": 1,
            "self": 0.00016340000001946464,
            "children": {
                "TrainerController._reset_env": {
                    "total": 7.6505609,
                    "count": 1,
                    "self": 7.6505609
                },
                "TrainerController.advance": {
                    "total": 232.6960862,
                    "count": 1,
                    "self": 2.390000000218606e-05,
                    "children": {
                        "env_step": {
                            "total": 232.6960623,
                            "count": 1,
                            "self": 232.6960479,
                            "children": {
                                "SubprocessEnvManager._take_step": {
                                    "total": 1.4399999999525903e-05,
                                    "count": 1,
                                    "self": 1.4399999999525903e-05
                                }
                            }
                        }
                    }
                },
                "TrainerController._save_models": {
                    "total": 0.20941239999999084,
                    "count": 1,
                    "self": 0.016854399999971292,
                    "children": {
                        "RLTrainer._checkpoint": {
                            "total": 0.19255800000001955,
                            "count": 1,
                            "self": 0.19255800000001955
                        }
                    }
                }
            }
        }
    }
}