{
    "name": "root",
    "gauges": {
        "RobotAgent.Policy.Entropy.mean": {
            "value": -0.33971184492111206,
            "min": -0.33971184492111206,
            "max": -0.33971184492111206,
            "count": 1
        },
        "RobotAgent.Policy.Entropy.sum": {
            "value": -256.4824523925781,
            "min": -256.4824523925781,
            "max": -256.4824523925781,
            "count": 1
        },
        "RobotAgent.Environment.EpisodeLength.mean": {
            "value": 25.964285714285715,
            "min": 25.964285714285715,
            "max": 25.964285714285715,
            "count": 1
        },
        "RobotAgent.Environment.EpisodeLength.sum": {
            "value": 727.0,
            "min": 727.0,
            "max": 727.0,
            "count": 1
        },
        "RobotAgent.Step.mean": {
            "value": 10379989.0,
            "min": 10379989.0,
            "max": 10379989.0,
            "count": 1
        },
        "RobotAgent.Step.sum": {
            "value": 10379989.0,
            "min": 10379989.0,
            "max": 10379989.0,
            "count": 1
        },
        "RobotAgent.Policy.ExtrinsicValueEstimate.mean": {
            "value": -35.999759674072266,
            "min": -35.999759674072266,
            "max": -35.999759674072266,
            "count": 1
        },
        "RobotAgent.Policy.ExtrinsicValueEstimate.sum": {
            "value": -971.9934692382812,
            "min": -971.9934692382812,
            "max": -971.9934692382812,
            "count": 1
        },
        "RobotAgent.Policy.CuriosityValueEstimate.mean": {
            "value": 17792304.0,
            "min": 17792304.0,
            "max": 17792304.0,
            "count": 1
        },
        "RobotAgent.Policy.CuriosityValueEstimate.sum": {
            "value": 480392224.0,
            "min": 480392224.0,
            "max": 480392224.0,
            "count": 1
        },
        "RobotAgent.Environment.CumulativeReward.mean": {
            "value": 4.301727308167352,
            "min": 4.301727308167352,
            "max": 4.301727308167352,
            "count": 1
        },
        "RobotAgent.Environment.CumulativeReward.sum": {
            "value": 116.1466373205185,
            "min": 116.1466373205185,
            "max": 116.1466373205185,
            "count": 1
        },
        "RobotAgent.Policy.ExtrinsicReward.mean": {
            "value": 4.301727308167352,
            "min": 4.301727308167352,
            "max": 4.301727308167352,
            "count": 1
        },
        "RobotAgent.Policy.ExtrinsicReward.sum": {
            "value": 116.1466373205185,
            "min": 116.1466373205185,
            "max": 116.1466373205185,
            "count": 1
        },
        "RobotAgent.Policy.CuriosityReward.mean": {
            "value": 0.0,
            "min": 0.0,
            "max": 0.0,
            "count": 1
        },
        "RobotAgent.Policy.CuriosityReward.sum": {
            "value": 0.0,
            "min": 0.0,
            "max": 0.0,
            "count": 1
        },
        "RobotAgent.IsTraining.mean": {
            "value": 1.0,
            "min": 1.0,
            "max": 1.0,
            "count": 1
        },
        "RobotAgent.IsTraining.sum": {
            "value": 1.0,
            "min": 1.0,
            "max": 1.0,
            "count": 1
        }
    },
    "metadata": {
        "timer_format_version": "0.1.0",
        "start_time_seconds": "1749539234",
        "python_version": "3.9.13 (tags/v3.9.13:6de2ca5, May 17 2022, 16:36:42) [MSC v.1929 64 bit (AMD64)]",
        "command_line_arguments": "D:\\data\\again\\GameBot\\GameBot\\12356\\mlagents_new_env\\Scripts\\mlagents-learn config/robot_config.yaml --run-id=packaging_fix_test_24 --resume",
        "mlagents_version": "0.30.0",
        "mlagents_envs_version": "0.30.0",
        "communication_protocol_version": "1.5.0",
        "pytorch_version": "2.7.0+cu126",
        "numpy_version": "1.21.2",
        "end_time_seconds": "1749539285"
    },
    "total": 50.7151316,
    "count": 1,
    "self": 0.008070100000004743,
    "children": {
        "run_training.setup": {
            "total": 0.08132260000000002,
            "count": 1,
            "self": 0.08132260000000002
        },
        "TrainerController.start_learning": {
            "total": 50.625738899999995,
            "count": 1,
            "self": 0.16329899999999498,
            "children": {
                "TrainerController._reset_env": {
                    "total": 8.9039637,
                    "count": 1,
                    "self": 8.9039637
                },
                "TrainerController.advance": {
                    "total": 41.3790077,
                    "count": 5362,
                    "self": 0.07103540000004926,
                    "children": {
                        "env_step": {
                            "total": 41.30797229999995,
                            "count": 5362,
                            "self": 23.652047899999616,
                            "children": {
                                "SubprocessEnvManager._take_step": {
                                    "total": 17.58353740000009,
                                    "count": 5362,
                                    "self": 0.37457220000016633,
                                    "children": {
                                        "TorchPolicy.evaluate": {
                                            "total": 17.208965199999923,
                                            "count": 5101,
                                            "self": 17.208965199999923
                                        }
                                    }
                                },
                                "workers": {
                                    "total": 0.072387000000246,
                                    "count": 5361,
                                    "self": 0.0,
                                    "children": {
                                        "worker_root": {
                                            "total": 38.61407110000005,
                                            "count": 5361,
                                            "is_parallel": true,
                                            "self": 26.484688300000084,
                                            "children": {
                                                "steps_from_proto": {
                                                    "total": 0.0001955999999996294,
                                                    "count": 1,
                                                    "is_parallel": true,
                                                    "self": 7.239999999875124e-05,
                                                    "children": {
                                                        "_process_rank_one_or_two_observation": {
                                                            "total": 0.00012320000000087816,
                                                            "count": 2,
                                                            "is_parallel": true,
                                                            "self": 0.00012320000000087816
                                                        }
                                                    }
                                                },
                                                "UnityEnvironment.step": {
                                                    "total": 12.129187199999963,
                                                    "count": 5361,
                                                    "is_parallel": true,
                                                    "self": 0.2488550999996253,