{
    "name": "root",
    "metadata": {
        "timer_format_version": "0.1.0",
        "start_time_seconds": "1747301394",
        "python_version": "3.9.13 (tags/v3.9.13:6de2ca5, May 17 2022, 16:36:42) [MSC v.1929 64 bit (AMD64)]",
        "command_line_arguments": "D:\\data\\again\\GameBot\\GameBot\\12356\\mlagents_new_env\\Scripts\\mlagents-learn config/robot_config.yaml --run-id=super_fresh_run_005",
        "mlagents_version": "0.30.0",
        "mlagents_envs_version": "0.30.0",
        "communication_protocol_version": "1.5.0",
        "pytorch_version": "2.7.0+cu126",
        "numpy_version": "1.21.2",
        "end_time_seconds": "1747301590"
    },
    "total": 195.6573451,
    "count": 1,
    "self": 0.00739719999998556,
    "children": {
        "run_training.setup": {
            "total": 0.06716980000000028,
            "count": 1,
            "self": 0.06716980000000028
        },
        "TrainerController.start_learning": {
            "total": 195.5827781,
            "count": 1,
            "self": 0.00013350000000400541,
            "children": {
                "TrainerController._reset_env": {
                    "total": 11.855264799999999,
                    "count": 1,
                    "self": 11.855264799999999
                },
                "TrainerController.advance": {
                    "total": 183.4733205,
                    "count": 1,
                    "self": 2.2199999989425123e-05,
                    "children": {
                        "env_step": {
                            "total": 183.4732983,
                            "count": 1,
                            "self": 183.4732894,
                            "children": {
                                "SubprocessEnvManager._take_step": {
                                    "total": 8.899999999201214e-06,
                                    "count": 1,
                                    "self": 8.899999999201214e-06
                                }
                            }
                        }
                    }
                },
                "TrainerController._save_models": {
                    "total": 0.25405930000002286,
                    "count": 1,
                    "self": 0.013325699999995777,
                    "children": {
                        "RLTrainer._checkpoint": {
                            "total": 0.24073360000002708,
                            "count": 1,
                            "self": 0.24073360000002708
                        }
                    }
                }
            }
        }
    }
}